Temp,RAWCP(Data1),RAWCP(Data2),RAWCP(Data3),RAWCP(Data4),RAWCP(Data5),RAWCP(Data6),scan1(DATA1-DATA2),scan2,scan3
11.86839,-0.56183,-0.51778,-0.60875,-0.52336,-0.69098,-0.53023,-0.04405,-0.08539,-0.16075
12.07615,-0.5647,-0.52233,-0.61406,-0.5263,-0.69477,-0.53311,-0.04237,-0.08776,-0.16166
12.28463,-0.56581,-0.52419,-0.61616,-0.52751,-0.69624,-0.53425,-0.04162,-0.08865,-0.16199
12.49455,-0.56614,-0.52491,-0.61691,-0.52794,-0.69667,-0.53463,-0.04123,-0.08897,-0.16204
12.70568,-0.56609,-0.5251,-0.61704,-0.52801,-0.69658,-0.53465,-0.04099,-0.08903,-0.16193
12.91664,-0.56593,-0.52506,-0.61689,-0.52791,-0.69631,-0.53456,-0.04087,-0.08898,-0.16175
13.1224,-0.56573,-0.52494,-0.61665,-0.52782,-0.69602,-0.5344,-0.04079,-0.08883,-0.16162
13.33168,-0.56546,-0.52476,-0.61636,-0.52764,-0.69563,-0.5342,-0.0407,-0.08872,-0.16143
13.54134,-0.56522,-0.52456,-0.61602,-0.52751,-0.69523,-0.534,-0.04066,-0.08851,-0.16123
13.75142,-0.56496,-0.5244,-0.61573,-0.52736,-0.69483,-0.53378,-0.04056,-0.08837,-0.16105
13.96065,-0.56465,-0.52419,-0.6154,-0.52716,-0.69441,-0.53354,-0.04046,-0.08824,-0.16087
14.17075,-0.56439,-0.52396,-0.61505,-0.52703,-0.69403,-0.53332,-0.04043,-0.08802,-0.16071
14.38293,-0.56414,-0.52378,-0.61474,-0.52687,-0.69368,-0.53309,-0.04036,-0.08787,-0.16059
14.59333,-0.56381,-0.52358,-0.61437,-0.52666,-0.69325,-0.53283,-0.04023,-0.08771,-0.16042
14.80052,-0.56353,-0.52338,-0.61403,-0.52651,-0.69286,-0.53262,-0.04015,-0.08752,-0.16024
15.00848,-0.56322,-0.52317,-0.61371,-0.52635,-0.69247,-0.53241,-0.04005,-0.08736,-0.16006
15.21561,-0.5629,-0.52295,-0.61335,-0.52614,-0.69205,-0.53214,-0.03995,-0.08721,-0.15991
15.42305,-0.56261,-0.52272,-0.613,-0.52597,-0.69163,-0.5319,-0.03989,-0.08703,-0.15973
15.63138,-0.56229,-0.52251,-0.61268,-0.52575,-0.6912,-0.53162,-0.03978,-0.08693,-0.15958
15.83979,-0.562,-0.52226,-0.61229,-0.52556,-0.69075,-0.53135,-0.03974,-0.08673,-0.1594
16.04845,-0.56172,-0.52205,-0.61195,-0.52535,-0.69034,-0.53106,-0.03967,-0.0866,-0.15928
16.25611,-0.56135,-0.5218,-0.61158,-0.52507,-0.6899,-0.53078,-0.03955,-0.08651,-0.15912
16.46388,-0.56101,-0.52159,-0.61121,-0.52484,-0.68947,-0.53054,-0.03942,-0.08637,-0.15893
16.67309,-0.56063,-0.52137,-0.61083,-0.52459,-0.68901,-0.53026,-0.03926,-0.08624,-0.15875
16.88259,-0.56028,-0.5211,-0.61042,-0.52431,-0.68858,-0.53,-0.03918,-0.08611,-0.15858
17.0905,-0.55995,-0.52086,-0.61006,-0.52407,-0.68819,-0.52972,-0.03909,-0.08599,-0.15847
17.30016,-0.55957,-0.52059,-0.60965,-0.5238,-0.68776,-0.52941,-0.03898,-0.08585,-0.15835
17.50856,-0.55924,-0.52035,-0.60926,-0.52354,-0.68731,-0.52915,-0.03889,-0.08572,-0.15816
17.71823,-0.55887,-0.52013,-0.60885,-0.52327,-0.68687,-0.52885,-0.03874,-0.08558,-0.15802
17.9268,-0.55857,-0.51986,-0.60842,-0.52304,-0.68644,-0.52859,-0.03871,-0.08538,-0.15785
18.13575,-0.55826,-0.51965,-0.60804,-0.52284,-0.68604,-0.52832,-0.03861,-0.0852,-0.15772
18.34481,-0.55793,-0.5194,-0.60766,-0.52259,-0.68558,-0.52803,-0.03853,-0.08507,-0.15755
18.55069,-0.55761,-0.51919,-0.60729,-0.52237,-0.68517,-0.52778,-0.03842,-0.08492,-0.15739
18.75569,-0.55729,-0.51895,-0.60688,-0.52211,-0.68471,-0.52748,-0.03834,-0.08477,-0.15723
18.96409,-0.55699,-0.51869,-0.60645,-0.52189,-0.68431,-0.52723,-0.0383,-0.08456,-0.15708
19.17358,-0.55665,-0.51845,-0.60608,-0.52163,-0.68385,-0.52695,-0.0382,-0.08445,-0.1569
19.38267,-0.55633,-0.51816,-0.60566,-0.5214,-0.68338,-0.52667,-0.03817,-0.08426,-0.15671
19.59252,-0.55601,-0.51793,-0.6053,-0.52117,-0.68296,-0.52639,-0.03808,-0.08413,-0.15657
19.80191,-0.5557,-0.51768,-0.60486,-0.52094,-0.68252,-0.52613,-0.03802,-0.08392,-0.15639
20.01051,-0.5554,-0.51746,-0.60451,-0.52072,-0.68213,-0.52588,-0.03794,-0.08379,-0.15625
20.21845,-0.55505,-0.51718,-0.60412,-0.52045,-0.68165,-0.5256,-0.03787,-0.08367,-0.15605
20.42673,-0.55474,-0.51694,-0.60372,-0.52023,-0.68124,-0.52533,-0.0378,-0.08349,-0.15591
20.63703,-0.5544,-0.51668,-0.6033,-0.51995,-0.68078,-0.52502,-0.03772,-0.08335,-0.15576
20.84615,-0.55412,-0.51641,-0.60291,-0.51971,-0.68036,-0.52478,-0.03771,-0.0832,-0.15558
21.05666,-0.55375,-0.51617,-0.60253,-0.51948,-0.67992,-0.52452,-0.03758,-0.08305,-0.1554
21.26702,-0.55346,-0.51595,-0.60213,-0.51927,-0.67947,-0.52426,-0.03751,-0.08286,-0.15521
21.47415,-0.55313,-0.51574,-0.60178,-0.51902,-0.679,-0.52396,-0.03739,-0.08276,-0.15504
21.68362,-0.55283,-0.51547,-0.60135,-0.5188,-0.67856,-0.52369,-0.03736,-0.08255,-0.15487
21.8919,-0.55251,-0.51524,-0.60099,-0.51858,-0.67812,-0.52337,-0.03727,-0.08241,-0.15475
22.10212,-0.5522,-0.515,-0.60061,-0.51834,-0.6777,-0.5231,-0.0372,-0.08227,-0.1546
22.31131,-0.55191,-0.51477,-0.60027,-0.51812,-0.67727,-0.52283,-0.03714,-0.08215,-0.15444
22.51583,-0.55161,-0.51455,-0.59989,-0.5179,-0.67683,-0.52253,-0.03706,-0.08199,-0.1543
22.72369,-0.55132,-0.51433,-0.59956,-0.51766,-0.67641,-0.52226,-0.03699,-0.0819,-0.15415
22.93191,-0.55105,-0.5141,-0.59919,-0.51745,-0.67598,-0.52202,-0.03695,-0.08174,-0.15396
23.14024,-0.55075,-0.51392,-0.59884,-0.51723,-0.67554,-0.52176,-0.03683,-0.08161,-0.15378
23.34852,-0.55048,-0.51367,-0.59847,-0.517,-0.6751,-0.52151,-0.03681,-0.08147,-0.15359
23.55852,-0.55018,-0.51345,-0.59812,-0.51679,-0.6747,-0.52123,-0.03673,-0.08133,-0.15347
23.76647,-0.54991,-0.5132,-0.59773,-0.5166,-0.67429,-0.52097,-0.03671,-0.08113,-0.15332
23.97469,-0.54961,-0.51299,-0.59736,-0.51638,-0.6739,-0.52074,-0.03662,-0.08098,-0.15316
24.1848,-0.54933,-0.51275,-0.59696,-0.51617,-0.67349,-0.52048,-0.03658,-0.08079,-0.15301
24.39417,-0.54904,-0.51255,-0.59659,-0.51593,-0.6731,-0.52025,-0.03649,-0.08066,-0.15285
24.60302,-0.54875,-0.51231,-0.59623,-0.5157,-0.67269,-0.52002,-0.03644,-0.08053,-0.15267
24.81129,-0.54845,-0.5121,-0.59587,-0.51548,-0.67227,-0.51979,-0.03635,-0.08039,-0.15248
25.01997,-0.54816,-0.51184,-0.59552,-0.51526,-0.67185,-0.51956,-0.03632,-0.08026,-0.15229
25.2274,-0.54788,-0.51163,-0.59517,-0.51504,-0.67142,-0.51931,-0.03625,-0.08013,-0.15211
25.43707,-0.54759,-0.51141,-0.59482,-0.5148,-0.671,-0.51909,-0.03618,-0.08002,-0.15191
25.64672,-0.54731,-0.51119,-0.59447,-0.51455,-0.67058,-0.51887,-0.03612,-0.07992,-0.15171
25.85541,-0.54705,-0.51097,-0.5941,-0.51432,-0.67017,-0.51868,-0.03608,-0.07978,-0.15149
26.06296,-0.54676,-0.51077,-0.59377,-0.51409,-0.66976,-0.51847,-0.03599,-0.07968,-0.15129
26.26964,-0.54653,-0.51056,-0.59345,-0.5139,-0.66936,-0.51829,-0.03597,-0.07955,-0.15107
26.474,-0.54625,-0.51035,-0.59312,-0.51368,-0.66894,-0.51807,-0.0359,-0.07944,-0.15087
26.68166,-0.54601,-0.51016,-0.59282,-0.51347,-0.66854,-0.51789,-0.03585,-0.07935,-0.15065
26.89005,-0.54576,-0.50996,-0.5925,-0.51323,-0.66811,-0.51771,-0.0358,-0.07927,-0.1504
27.09864,-0.5455,-0.50975,-0.59219,-0.51298,-0.66771,-0.51753,-0.03575,-0.07921,-0.15018
27.3079,-0.54526,-0.50957,-0.59183,-0.51277,-0.66729,-0.51736,-0.03569,-0.07906,-0.14993
27.51743,-0.545,-0.50936,-0.59151,-0.51254,-0.66687,-0.51716,-0.03564,-0.07897,-0.14971
27.7254,-0.54479,-0.50915,-0.59119,-0.51233,-0.66648,-0.51698,-0.03564,-0.07886,-0.1495
27.93335,-0.54453,-0.50897,-0.5909,-0.5121,-0.66607,-0.51681,-0.03556,-0.0788,-0.14926
28.14361,-0.54431,-0.50882,-0.5906,-0.51191,-0.66569,-0.51663,-0.03549,-0.07869,-0.14906
28.35378,-0.54405,-0.50865,-0.59031,-0.5117,-0.66527,-0.51648,-0.0354,-0.07861,-0.14879
28.56262,-0.54381,-0.50844,-0.59001,-0.51149,-0.66488,-0.51633,-0.03537,-0.07852,-0.14855
28.77112,-0.54359,-0.50824,-0.58973,-0.51127,-0.66451,-0.51617,-0.03535,-0.07846,-0.14834
28.97864,-0.54334,-0.50808,-0.58946,-0.51102,-0.66411,-0.516,-0.03526,-0.07844,-0.14811
29.1878,-0.54312,-0.50787,-0.58917,-0.5108,-0.66373,-0.51585,-0.03525,-0.07837,-0.14788
29.39662,-0.54288,-0.5077,-0.58891,-0.51059,-0.66333,-0.51566,-0.03518,-0.07832,-0.14767
29.60481,-0.54263,-0.50753,-0.58864,-0.51041,-0.66292,-0.51548,-0.0351,-0.07823,-0.14744
29.81446,-0.5424,-0.50736,-0.58837,-0.51019,-0.66253,-0.51531,-0.03504,-0.07818,-0.14722
30.02368,-0.54217,-0.50719,-0.58812,-0.50999,-0.66217,-0.51514,-0.03498,-0.07813,-0.14703
30.22931,-0.54194,-0.50701,-0.58785,-0.50982,-0.66179,-0.515,-0.03493,-0.07803,-0.14679
30.43198,-0.5417,-0.50685,-0.58758,-0.5096,-0.66137,-0.51484,-0.03485,-0.07798,-0.14653
30.64025,-0.54148,-0.50668,-0.58731,-0.5094,-0.66099,-0.51468,-0.0348,-0.07791,-0.14631
30.84953,-0.54124,-0.50649,-0.58705,-0.5092,-0.6606,-0.51451,-0.03475,-0.07785,-0.14609
31.05934,-0.541,-0.50632,-0.58678,-0.50901,-0.66022,-0.51436,-0.03468,-0.07777,-0.14586
31.26765,-0.54076,-0.50615,-0.58652,-0.50882,-0.65984,-0.51421,-0.03461,-0.0777,-0.14563
31.47695,-0.54052,-0.50596,-0.58626,-0.50861,-0.65946,-0.51402,-0.03456,-0.07765,-0.14544
31.68506,-0.54028,-0.50578,-0.58596,-0.50841,-0.65908,-0.51387,-0.0345,-0.07755,-0.14521
31.89308,-0.54005,-0.5056,-0.58567,-0.50822,-0.65871,-0.5137,-0.03445,-0.07745,-0.14501
32.10283,-0.53984,-0.50544,-0.58546,-0.50803,-0.65835,-0.51357,-0.0344,-0.07743,-0.14478
32.31197,-0.53961,-0.50526,-0.5852,-0.50783,-0.65796,-0.51342,-0.03435,-0.07737,-0.14454
32.5216,-0.53939,-0.50509,-0.58493,-0.50762,-0.65757,-0.51323,-0.0343,-0.07731,-0.14434
32.7307,-0.53917,-0.50493,-0.58469,-0.50743,-0.65722,-0.51308,-0.03424,-0.07726,-0.14414
32.93946,-0.53894,-0.50476,-0.5844,-0.50723,-0.65685,-0.51292,-0.03418,-0.07717,-0.14393
33.14752,-0.53869,-0.50459,-0.58416,-0.50706,-0.65653,-0.51276,-0.0341,-0.0771,-0.14377
33.35686,-0.53847,-0.50442,-0.5839,-0.50688,-0.65617,-0.51259,-0.03405,-0.07702,-0.14358
33.56594,-0.53824,-0.50428,-0.58365,-0.5067,-0.6558,-0.51244,-0.03396,-0.07695,-0.14336
33.77371,-0.53805,-0.50415,-0.58341,-0.50652,-0.65546,-0.51224,-0.0339,-0.07689,-0.14322
33.98272,-0.53785,-0.50395,-0.58317,-0.50634,-0.65509,-0.51208,-0.0339,-0.07683,-0.14301
34.18706,-0.53763,-0.50379,-0.58293,-0.50613,-0.65474,-0.51188,-0.03384,-0.0768,-0.14286
34.39285,-0.53741,-0.50363,-0.58268,-0.50594,-0.65439,-0.51173,-0.03378,-0.07674,-0.14266
34.60103,-0.53719,-0.5035,-0.58242,-0.50575,-0.65402,-0.51155,-0.03369,-0.07667,-0.14247
34.8099,-0.53696,-0.50336,-0.58217,-0.50555,-0.65368,-0.51135,-0.0336,-0.07662,-0.14233
35.01942,-0.53676,-0.50319,-0.58193,-0.50538,-0.65334,-0.51116,-0.03357,-0.07655,-0.14218
35.22887,-0.53655,-0.503,-0.58167,-0.50517,-0.65298,-0.51098,-0.03355,-0.0765,-0.142
35.43762,-0.53632,-0.50282,-0.58143,-0.50498,-0.65262,-0.51078,-0.0335,-0.07645,-0.14184
35.64676,-0.53613,-0.50265,-0.5812,-0.50484,-0.65227,-0.51064,-0.03348,-0.07636,-0.14163
35.85519,-0.53591,-0.50248,-0.58094,-0.50467,-0.6519,-0.51043,-0.03343,-0.07627,-0.14147
36.06467,-0.53571,-0.50232,-0.58067,-0.50449,-0.65154,-0.51024,-0.03339,-0.07618,-0.1413
36.27523,-0.53551,-0.50216,-0.58044,-0.5043,-0.65119,-0.51008,-0.03335,-0.07614,-0.14111
36.48287,-0.53531,-0.50198,-0.58017,-0.5041,-0.65081,-0.50991,-0.03333,-0.07607,-0.1409
36.69087,-0.5351,-0.50184,-0.57991,-0.50393,-0.65045,-0.50972,-0.03326,-0.07598,-0.14073
36.9001,-0.53486,-0.50168,-0.57965,-0.50372,-0.65008,-0.50954,-0.03318,-0.07593,-0.14054
37.10911,-0.53463,-0.5015,-0.57941,-0.50354,-0.64967,-0.50934,-0.03313,-0.07587,-0.14033
37.31728,-0.53441,-0.50133,-0.57914,-0.50332,-0.6493,-0.50915,-0.03308,-0.07582,-0.14015
37.525,-0.53419,-0.50112,-0.57886,-0.50313,-0.64892,-0.50898,-0.03307,-0.07573,-0.13994
37.73457,-0.53395,-0.50093,-0.57859,-0.50289,-0.64851,-0.5088,-0.03302,-0.0757,-0.13971
37.94307,-0.53371,-0.50078,-0.57831,-0.50263,-0.64812,-0.50864,-0.03293,-0.07568,-0.13948
38.14674,-0.53348,-0.50059,-0.57805,-0.50241,-0.64769,-0.50847,-0.03289,-0.07564,-0.13922
38.35427,-0.53325,-0.50039,-0.57776,-0.50218,-0.64731,-0.50826,-0.03286,-0.07558,-0.13905
38.56351,-0.53303,-0.50024,-0.57748,-0.50196,-0.64695,-0.50807,-0.03279,-0.07552,-0.13888
38.77112,-0.53281,-0.50004,-0.57721,-0.50176,-0.64655,-0.50791,-0.03277,-0.07545,-0.13864
38.98079,-0.53256,-0.49987,-0.57693,-0.50153,-0.6462,-0.5077,-0.03269,-0.0754,-0.1385
39.19075,-0.53231,-0.49967,-0.57665,-0.50129,-0.64581,-0.50748,-0.03264,-0.07536,-0.13833
39.39998,-0.53207,-0.49946,-0.57636,-0.50108,-0.64542,-0.50727,-0.03261,-0.07528,-0.13815
39.60744,-0.53182,-0.49925,-0.57604,-0.50087,-0.64504,-0.50704,-0.03257,-0.07517,-0.138
39.81543,-0.53155,-0.49906,-0.57574,-0.50063,-0.64464,-0.50683,-0.03249,-0.07511,-0.13781
40.02448,-0.53133,-0.49889,-0.57546,-0.50043,-0.64424,-0.50661,-0.03244,-0.07503,-0.13763
40.23421,-0.53107,-0.49868,-0.57514,-0.50024,-0.64387,-0.50638,-0.03239,-0.0749,-0.13749
40.44195,-0.53084,-0.49847,-0.57484,-0.50005,-0.6435,-0.50614,-0.03237,-0.07479,-0.13736
40.64981,-0.53061,-0.49826,-0.57451,-0.49985,-0.64311,-0.50592,-0.03235,-0.07466,-0.13719
40.85869,-0.53035,-0.49805,-0.5742,-0.49966,-0.64276,-0.50567,-0.0323,-0.07454,-0.13709
41.0677,-0.53007,-0.49785,-0.57389,-0.49945,-0.64238,-0.50543,-0.03222,-0.07444,-0.13695
41.27633,-0.5298,-0.49764,-0.57356,-0.49927,-0.642,-0.50518,-0.03216,-0.07429,-0.13682
41.48464,-0.52954,-0.49741,-0.57327,-0.49906,-0.64163,-0.50494,-0.03213,-0.07421,-0.13669
41.69496,-0.52928,-0.4972,-0.57296,-0.49882,-0.64125,-0.50467,-0.03208,-0.07414,-0.13658
41.90248,-0.52899,-0.49699,-0.57264,-0.49863,-0.64089,-0.50444,-0.032,-0.07401,-0.13645
42.10619,-0.52874,-0.49676,-0.57232,-0.49843,-0.64053,-0.5042,-0.03198,-0.07389,-0.13633
42.31411,-0.52849,-0.49656,-0.57199,-0.49824,-0.64014,-0.50396,-0.03193,-0.07375,-0.13618
42.52363,-0.52823,-0.49635,-0.57167,-0.49808,-0.63978,-0.50374,-0.03188,-0.07359,-0.13604
42.73032,-0.52795,-0.49613,-0.57135,-0.49789,-0.63938,-0.50348,-0.03182,-0.07346,-0.1359
42.9366,-0.52768,-0.49592,-0.57105,-0.49767,-0.639,-0.50325,-0.03176,-0.07338,-0.13575
43.14522,-0.5274,-0.49571,-0.57073,-0.4975,-0.63862,-0.50298,-0.03169,-0.07323,-0.13564
43.35394,-0.52713,-0.4955,-0.57038,-0.49731,-0.63824,-0.50276,-0.03163,-0.07307,-0.13548
43.56312,-0.52689,-0.49528,-0.57005,-0.49708,-0.63785,-0.50252,-0.03161,-0.07297,-0.13533
43.77227,-0.52665,-0.49506,-0.56969,-0.49689,-0.63747,-0.50227,-0.03159,-0.0728,-0.1352
43.98225,-0.52634,-0.49485,-0.56936,-0.49669,-0.63707,-0.50201,-0.03149,-0.07267,-0.13506
44.19247,-0.52607,-0.49462,-0.56903,-0.4965,-0.63668,-0.50176,-0.03145,-0.07253,-0.13492
44.40004,-0.52582,-0.49439,-0.56869,-0.4963,-0.63628,-0.50151,-0.03143,-0.07239,-0.13477
44.60811,-0.52552,-0.49419,-0.56834,-0.49607,-0.63589,-0.50126,-0.03133,-0.07227,-0.13463
44.81737,-0.52526,-0.49397,-0.56796,-0.49587,-0.63551,-0.50101,-0.03129,-0.07209,-0.1345
45.02682,-0.52497,-0.49373,-0.56762,-0.49565,-0.6351,-0.50073,-0.03124,-0.07197,-0.13437
45.23494,-0.5247,-0.49347,-0.56725,-0.49544,-0.63468,-0.50046,-0.03123,-0.07181,-0.13422
45.44279,-0.52438,-0.49328,-0.56691,-0.49521,-0.63427,-0.50021,-0.0311,-0.0717,-0.13406
45.6513,-0.5241,-0.49303,-0.56655,-0.49502,-0.63387,-0.49996,-0.03107,-0.07153,-0.13391
45.85738,-0.52382,-0.4928,-0.56619,-0.49481,-0.63346,-0.49967,-0.03102,-0.07138,-0.13379
46.06556,-0.52351,-0.49252,-0.56581,-0.49458,-0.63302,-0.49944,-0.03099,-0.07123,-0.13358
46.27348,-0.52323,-0.49234,-0.56545,-0.49439,-0.63261,-0.49921,-0.03089,-0.07106,-0.1334
46.48332,-0.52294,-0.49211,-0.56506,-0.49416,-0.63219,-0.49895,-0.03083,-0.0709,-0.13324
46.69244,-0.52268,-0.49189,-0.56469,-0.49397,-0.63178,-0.49877,-0.03079,-0.07072,-0.13301
46.9003,-0.52236,-0.49166,-0.56433,-0.49373,-0.6313,-0.49849,-0.0307,-0.0706,-0.13281
47.10933,-0.52206,-0.49138,-0.56393,-0.4935,-0.63087,-0.49821,-0.03068,-0.07043,-0.13266
47.31837,-0.52176,-0.49115,-0.56359,-0.49329,-0.63045,-0.49795,-0.03061,-0.0703,-0.1325
47.52807,-0.52144,-0.49088,-0.56319,-0.49303,-0.62996,-0.49766,-0.03056,-0.07016,-0.1323
47.73829,-0.52116,-0.49063,-0.5628,-0.49283,-0.62953,-0.49743,-0.03053,-0.06997,-0.1321
47.94786,-0.52086,-0.49041,-0.56247,-0.4926,-0.62905,-0.49717,-0.03045,-0.06987,-0.13188
48.15681,-0.5205,-0.49012,-0.56207,-0.49235,-0.62851,-0.49686,-0.03038,-0.06972,-0.13165
48.36556,-0.52024,-0.48987,-0.56165,-0.49215,-0.62804,-0.49662,-0.03037,-0.0695,-0.13142
48.5768,-0.52,-0.48967,-0.56128,-0.49196,-0.62761,-0.49637,-0.03033,-0.06932,-0.13124
48.78566,-0.51968,-0.48945,-0.5609,-0.49168,-0.62709,-0.49607,-0.03023,-0.06922,-0.13102
48.99205,-0.51938,-0.48914,-0.56046,-0.49144,-0.62654,-0.49575,-0.03024,-0.06902,-0.13079
49.19879,-0.51914,-0.48888,-0.56006,-0.49123,-0.62604,-0.49548,-0.03026,-0.06883,-0.13056
49.40779,-0.51889,-0.48866,-0.55968,-0.49101,-0.62554,-0.49523,-0.03023,-0.06867,-0.13031
49.61825,-0.51852,-0.4884,-0.55927,-0.49072,-0.62496,-0.49488,-0.03012,-0.06855,-0.13008
49.82296,-0.51818,-0.48809,-0.55882,-0.49044,-0.62438,-0.49457,-0.03009,-0.06838,-0.12981
50.02936,-0.51787,-0.48783,-0.55839,-0.49021,-0.62385,-0.4943,-0.03004,-0.06818,-0.12955
50.23844,-0.51763,-0.4876,-0.55798,-0.49002,-0.62331,-0.49404,-0.03003,-0.06796,-0.12927
50.44782,-0.51735,-0.48739,-0.55762,-0.4898,-0.62276,-0.49379,-0.02996,-0.06782,-0.12897
50.65711,-0.51696,-0.48712,-0.5572,-0.48951,-0.62213,-0.49345,-0.02984,-0.06769,-0.12868
50.86686,-0.51656,-0.4868,-0.5567,-0.48921,-0.62147,-0.49311,-0.02976,-0.06749,-0.12836
51.07482,-0.51624,-0.48652,-0.5562,-0.48896,-0.6208,-0.49281,-0.02972,-0.06724,-0.12799
51.28527,-0.51591,-0.48625,-0.55574,-0.48873,-0.62013,-0.49254,-0.02966,-0.06701,-0.12759
51.4939,-0.51558,-0.486,-0.55529,-0.48848,-0.61947,-0.49228,-0.02958,-0.06681,-0.12719
51.70164,-0.51525,-0.48577,-0.55484,-0.48828,-0.61879,-0.49201,-0.02948,-0.06656,-0.12678
51.91,-0.51491,-0.48551,-0.55437,-0.48803,-0.61806,-0.49175,-0.0294,-0.06634,-0.12631
52.11749,-0.51454,-0.48524,-0.55387,-0.48779,-0.61727,-0.49151,-0.0293,-0.06608,-0.12576
52.3254,-0.51419,-0.48497,-0.55333,-0.48754,-0.61644,-0.49125,-0.02922,-0.06579,-0.12519
52.53403,-0.51378,-0.48472,-0.55279,-0.48725,-0.61552,-0.49097,-0.02906,-0.06554,-0.12455
52.74116,-0.51326,-0.48438,-0.55214,-0.48688,-0.61443,-0.49058,-0.02888,-0.06526,-0.12385
52.95081,-0.51277,-0.484,-0.55141,-0.48653,-0.61329,-0.49023,-0.02877,-0.06488,-0.12306
53.15822,-0.51233,-0.48366,-0.55071,-0.48623,-0.61212,-0.48993,-0.02867,-0.06448,-0.12219
53.36703,-0.51186,-0.48334,-0.54997,-0.48593,-0.61085,-0.48961,-0.02852,-0.06404,-0.12124
53.57484,-0.51135,-0.48299,-0.54922,-0.48564,-0.60947,-0.48931,-0.02836,-0.06358,-0.12016
53.77701,-0.51082,-0.48267,-0.5484,-0.48535,-0.60795,-0.489,-0.02815,-0.06305,-0.11895
53.98292,-0.51032,-0.48233,-0.54748,-0.48502,-0.60625,-0.48869,-0.02799,-0.06246,-0.11756
54.19381,-0.50979,-0.48201,-0.54654,-0.48475,-0.6044,-0.48841,-0.02778,-0.06179,-0.11599
54.40025,-0.5093,-0.48177,-0.54557,-0.48456,-0.60238,-0.48821,-0.02753,-0.06101,-0.11417
54.60914,-0.50875,-0.48153,-0.54452,-0.48432,-0.60002,-0.48799,-0.02722,-0.0602,-0.11203
54.81868,-0.50813,-0.48122,-0.54334,-0.48401,-0.59728,-0.48769,-0.02691,-0.05933,-0.10959
55.02727,-0.50744,-0.4809,-0.54198,-0.48369,-0.59411,-0.48739,-0.02654,-0.05829,-0.10672
55.23668,-0.50669,-0.48055,-0.54043,-0.48334,-0.59047,-0.48707,-0.02614,-0.05709,-0.1034
55.44584,-0.50589,-0.4802,-0.53873,-0.48299,-0.58626,-0.48674,-0.02569,-0.05574,-0.09952
55.6537,-0.50504,-0.47984,-0.53678,-0.48262,-0.58138,-0.4864,-0.0252,-0.05416,-0.09498
55.86421,-0.50409,-0.47946,-0.53456,-0.48223,-0.57572,-0.48601,-0.02463,-0.05233,-0.08971
56.07365,-0.5031,-0.47908,-0.53204,-0.48183,-0.56926,-0.48563,-0.02402,-0.05021,-0.08363
56.28331,-0.50203,-0.47867,-0.52919,-0.48145,-0.56188,-0.48527,-0.02336,-0.04774,-0.07661
56.49149,-0.50092,-0.47838,-0.52598,-0.48119,-0.5537,-0.485,-0.02254,-0.04479,-0.0687
56.70083,-0.49963,-0.47812,-0.52235,-0.48083,-0.54445,-0.48468,-0.02151,-0.04152,-0.05977
56.90876,-0.49818,-0.47777,-0.51819,-0.48047,-0.53416,-0.48436,-0.02041,-0.03772,-0.0498
57.11609,-0.49655,-0.47739,-0.51346,-0.48011,-0.52301,-0.484,-0.01916,-0.03335,-0.03901
57.32419,-0.49472,-0.47701,-0.50822,-0.47971,-0.51126,-0.48364,-0.01771,-0.02851,-0.02762
57.53344,-0.49278,-0.47663,-0.50257,-0.47936,-0.49933,-0.48332,-0.01615,-0.02321,-0.01601
57.7371,-0.49063,-0.47632,-0.49652,-0.47899,-0.4875,-0.48299,-0.01431,-0.01753,-0.00451
57.94384,-0.48825,-0.47595,-0.49018,-0.47857,-0.4763,-0.48261,-0.0123,-0.01161,0.00631
58.15158,-0.48572,-0.47554,-0.48383,-0.47815,-0.46649,-0.48221,-0.01018,-0.00568,0.01572
58.35834,-0.48315,-0.47511,-0.47772,-0.47777,-0.45875,-0.48184,-0.00804,5E-05,0.02309
58.56529,-0.48063,-0.47474,-0.47234,-0.47742,-0.45378,-0.48151,-0.00589,0.00508,0.02773
58.77366,-0.47815,-0.47435,-0.46794,-0.47699,-0.45187,-0.4811,-0.0038,0.00905,0.02923
58.98223,-0.47595,-0.47392,-0.46486,-0.47658,-0.45328,-0.48068,-0.00203,0.01172,0.0274
59.19219,-0.47425,-0.4735,-0.46346,-0.47622,-0.45798,-0.48034,-0.00075,0.01276,0.02236
59.40087,-0.47308,-0.47319,-0.46389,-0.47583,-0.46576,-0.47996,0.00011,0.01194,0.0142
59.61011,-0.47246,-0.47277,-0.46606,-0.47539,-0.47588,-0.47951,0.00031,0.00933,0.00363
59.82011,-0.47256,-0.47231,-0.46977,-0.47498,-0.48754,-0.47913,-0.00025,0.00521,-0.00841
60.02938,-0.47334,-0.47193,-0.4748,-0.47461,-0.49988,-0.47877,-0.00141,-0.00019,-0.02111
60.2381,-0.47462,-0.47152,-0.48061,-0.47416,-0.51182,-0.47832,-0.0031,-0.00645,-0.0335
60.44625,-0.47631,-0.47109,-0.48668,-0.47376,-0.52277,-0.47795,-0.00522,-0.01292,-0.04482
60.65512,-0.47818,-0.47072,-0.49259,-0.47336,-0.53215,-0.47757,-0.00746,-0.01923,-0.05458
60.86608,-0.48002,-0.47029,-0.49781,-0.47291,-0.53949,-0.47713,-0.00973,-0.0249,-0.06236
61.07589,-0.48174,-0.4699,-0.50209,-0.47252,-0.54478,-0.47674,-0.01184,-0.02957,-0.06804
61.28488,-0.48302,-0.46951,-0.5053,-0.47207,-0.548,-0.47633,-0.01351,-0.03323,-0.07167
61.49096,-0.4839,-0.46907,-0.50735,-0.47164,-0.54934,-0.47589,-0.01483,-0.03571,-0.07345
61.69963,-0.48437,-0.46867,-0.50835,-0.47119,-0.54912,-0.47547,-0.0157,-0.03716,-0.07365
61.9092,-0.48437,-0.46822,-0.50841,-0.47071,-0.54763,-0.47502,-0.01615,-0.0377,-0.07261
62.11733,-0.48406,-0.46776,-0.5077,-0.4703,-0.54517,-0.4746,-0.0163,-0.0374,-0.07057
62.32479,-0.48339,-0.46735,-0.50643,-0.46983,-0.54193,-0.47414,-0.01604,-0.0366,-0.06779
62.53464,-0.4825,-0.4669,-0.50468,-0.46939,-0.53812,-0.47371,-0.0156,-0.03529,-0.06441
62.74197,-0.48144,-0.46648,-0.50261,-0.46893,-0.53387,-0.47327,-0.01496,-0.03368,-0.0606
62.95089,-0.48023,-0.466,-0.50019,-0.4685,-0.5292,-0.47283,-0.01423,-0.03169,-0.05637
63.16022,-0.47892,-0.46557,-0.4976,-0.46805,-0.52424,-0.47238,-0.01335,-0.02955,-0.05186
63.36844,-0.47753,-0.46512,-0.49478,-0.46758,-0.51895,-0.47193,-0.01241,-0.0272,-0.04702
63.57632,-0.47613,-0.46468,-0.49186,-0.46713,-0.51345,-0.47149,-0.01145,-0.02473,-0.04196
63.78502,-0.47464,-0.46422,-0.48881,-0.46666,-0.50767,-0.47107,-0.01042,-0.02215,-0.0366
63.99327,-0.47315,-0.46379,-0.48564,-0.46623,-0.50175,-0.47064,-0.00936,-0.01941,-0.03111
64.20369,-0.47159,-0.46335,-0.48238,-0.46575,-0.49556,-0.4702,-0.00824,-0.01663,-0.02536
64.41352,-0.47004,-0.46292,-0.47902,-0.4653,-0.48914,-0.46976,-0.00712,-0.01372,-0.01938
64.62289,-0.46847,-0.46246,-0.47556,-0.46482,-0.48254,-0.46934,-0.00601,-0.01074,-0.0132
64.83008,-0.46691,-0.462,-0.47209,-0.46437,-0.4758,-0.46889,-0.00491,-0.00772,-0.00691
65.0381,-0.46537,-0.46155,-0.46856,-0.46389,-0.46895,-0.46844,-0.00382,-0.00467,-0.00051
65.24739,-0.4638,-0.46113,-0.46501,-0.46343,-0.46206,-0.46797,-0.00267,-0.00158,0.00591
65.45642,-0.4623,-0.46066,-0.46149,-0.46298,-0.45524,-0.46753,-0.00164,0.00149,0.01229
65.66076,-0.46082,-0.46022,-0.45803,-0.46252,-0.44847,-0.46704,-0.0006,0.00449,0.01857
65.86929,-0.4594,-0.45975,-0.45468,-0.46206,-0.44188,-0.46661,0.00035,0.00738,0.02473
66.07889,-0.45808,-0.45932,-0.45146,-0.46157,-0.43554,-0.46617,0.00124,0.01011,0.03063
66.28496,-0.45685,-0.45891,-0.4484,-0.46105,-0.4296,-0.46571,0.00206,0.01265,0.03611
66.4936,-0.45573,-0.45846,-0.4455,-0.46057,-0.42417,-0.46526,0.00273,0.01507,0.04109
66.70153,-0.45471,-0.458,-0.44291,-0.46005,-0.41928,-0.46477,0.00329,0.01714,0.04549
66.91043,-0.45382,-0.45748,-0.44063,-0.45958,-0.41513,-0.4643,0.00366,0.01895,0.04917
67.12057,-0.45303,-0.457,-0.43874,-0.4591,-0.4117,-0.46383,0.00397,0.02036,0.05213
67.33006,-0.45239,-0.45653,-0.43723,-0.45858,-0.40907,-0.46334,0.00414,0.02135,0.05427
67.53944,-0.45183,-0.45607,-0.43607,-0.45806,-0.40723,-0.46288,0.00424,0.02199,0.05565
67.7487,-0.45138,-0.4556,-0.43526,-0.45755,-0.4061,-0.46239,0.00422,0.02229,0.05629
67.95574,-0.451,-0.45516,-0.4348,-0.45703,-0.4057,-0.46193,0.00416,0.02223,0.05623
68.1629,-0.45072,-0.45471,-0.43464,-0.45653,-0.40586,-0.46145,0.00399,0.02189,0.05559
68.3718,-0.45051,-0.45424,-0.43469,-0.45603,-0.40647,-0.46089,0.00373,0.02134,0.05442
68.58164,-0.45033,-0.45376,-0.43492,-0.45555,-0.40739,-0.46039,0.00343,0.02063,0.053
68.79223,-0.45015,-0.45328,-0.43521,-0.45508,-0.40852,-0.45988,0.00313,0.01987,0.05136
68.99965,-0.44991,-0.45282,-0.43554,-0.45461,-0.40971,-0.45937,0.00291,0.01907,0.04966
69.20832,-0.44966,-0.45231,-0.43587,-0.45412,-0.41087,-0.45887,0.00265,0.01825,0.048
69.41591,-0.44936,-0.45182,-0.43609,-0.45364,-0.4119,-0.45837,0.00246,0.01755,0.04647
69.62086,-0.44899,-0.45131,-0.43618,-0.45312,-0.41269,-0.45785,0.00232,0.01694,0.04516
69.83023,-0.44861,-0.45082,-0.43617,-0.45263,-0.41325,-0.45735,0.00221,0.01646,0.0441
70.03819,-0.44819,-0.45035,-0.436,-0.45212,-0.41348,-0.45687,0.00216,0.01612,0.04339
70.24718,-0.44769,-0.44986,-0.43569,-0.4516,-0.41346,-0.45642,0.00217,0.01591,0.04296
70.45607,-0.44712,-0.44935,-0.4352,-0.45109,-0.41312,-0.45594,0.00223,0.01589,0.04282
70.66622,-0.44652,-0.44886,-0.4346,-0.45058,-0.41245,-0.45544,0.00234,0.01598,0.04299
70.87605,-0.4459,-0.44835,-0.43391,-0.45009,-0.41159,-0.45491,0.00245,0.01618,0.04332
71.0838,-0.44528,-0.44783,-0.4331,-0.44956,-0.41053,-0.45441,0.00255,0.01646,0.04388
71.29202,-0.44467,-0.44733,-0.43227,-0.44905,-0.40936,-0.45393,0.00266,0.01678,0.04457
71.50056,-0.44403,-0.44684,-0.4314,-0.4485,-0.40814,-0.45341,0.00281,0.0171,0.04527
71.70744,-0.44344,-0.44631,-0.43052,-0.44796,-0.40698,-0.45287,0.00287,0.01744,0.04589
71.91577,-0.44288,-0.4458,-0.42972,-0.44745,-0.40597,-0.45237,0.00292,0.01773,0.0464
72.1239,-0.44236,-0.44528,-0.42902,-0.44697,-0.40516,-0.45186,0.00292,0.01795,0.0467
72.33336,-0.44192,-0.44479,-0.42845,-0.4465,-0.40456,-0.45133,0.00287,0.01805,0.04677
72.54216,-0.44152,-0.44428,-0.42802,-0.44605,-0.40424,-0.45082,0.00276,0.01803,0.04658
72.75036,-0.44121,-0.44376,-0.42777,-0.44558,-0.40429,-0.45031,0.00255,0.01781,0.04602
72.95946,-0.44096,-0.44325,-0.4277,-0.4451,-0.40475,-0.44978,0.00229,0.0174,0.04503
73.16911,-0.44082,-0.44277,-0.42784,-0.44461,-0.40561,-0.44927,0.00195,0.01677,0.04366
73.37478,-0.44075,-0.44228,-0.42817,-0.44412,-0.40685,-0.44872,0.00153,0.01595,0.04187
73.57914,-0.44072,-0.44175,-0.42877,-0.44364,-0.40856,-0.44817,0.00103,0.01487,0.03961
73.78897,-0.44077,-0.44124,-0.42958,-0.44313,-0.41082,-0.44764,0.00047,0.01355,0.03682
73.99742,-0.44091,-0.44072,-0.43063,-0.44258,-0.41355,-0.44709,-0.00019,0.01195,0.03354
74.20522,-0.44111,-0.44019,-0.43188,-0.44209,-0.41673,-0.44654,-0.00092,0.01021,0.02981
74.41456,-0.44138,-0.43966,-0.43333,-0.44161,-0.42031,-0.44601,-0.00172,0.00828,0.0257
74.62242,-0.44165,-0.43912,-0.43494,-0.4411,-0.42424,-0.44548,-0.00253,0.00616,0.02124
74.83113,-0.44199,-0.43862,-0.43671,-0.44062,-0.42848,-0.44496,-0.00337,0.00391,0.01648
75.04023,-0.44233,-0.43811,-0.43858,-0.44013,-0.43291,-0.44446,-0.00422,0.00155,0.01155
75.24826,-0.44265,-0.43759,-0.4405,-0.43964,-0.43751,-0.44396,-0.00506,-0.00086,0.00645
75.4573,-0.44297,-0.43704,-0.44245,-0.43913,-0.44214,-0.44345,-0.00593,-0.00332,0.00131
75.66487,-0.44328,-0.43651,-0.4444,-0.43863,-0.44675,-0.44296,-0.00677,-0.00577,-0.00379
75.87477,-0.44358,-0.436,-0.44629,-0.43813,-0.4513,-0.44245,-0.00758,-0.00816,-0.00885
76.08316,-0.44378,-0.43549,-0.44809,-0.43763,-0.45565,-0.44189,-0.00829,-0.01046,-0.01376
76.29121,-0.44395,-0.43498,-0.44975,-0.43714,-0.45967,-0.44137,-0.00897,-0.01261,-0.0183
76.50101,-0.44401,-0.43444,-0.45126,-0.43659,-0.46338,-0.44082,-0.00957,-0.01467,-0.02256
76.70939,-0.44403,-0.43389,-0.45255,-0.43608,-0.46677,-0.44028,-0.01014,-0.01647,-0.02649
76.91911,-0.44398,-0.43335,-0.45366,-0.43555,-0.46965,-0.43975,-0.01063,-0.01811,-0.0299
77.12914,-0.44384,-0.43282,-0.45457,-0.43505,-0.4721,-0.43922,-0.01102,-0.01952,-0.03288
77.33834,-0.4436,-0.43229,-0.45522,-0.43453,-0.47407,-0.43866,-0.01131,-0.02069,-0.03541
77.54565,-0.44326,-0.43174,-0.45564,-0.43399,-0.47554,-0.4381,-0.01152,-0.02165,-0.03744
77.75328,-0.44288,-0.43122,-0.45582,-0.43348,-0.4765,-0.43758,-0.01166,-0.02234,-0.03892
77.96178,-0.4424,-0.43071,-0.45579,-0.433,-0.47702,-0.43707,-0.01169,-0.02279,-0.03995
78.16883,-0.44188,-0.4302,-0.45553,-0.43254,-0.47711,-0.43656,-0.01168,-0.02299,-0.04055
78.37797,-0.44132,-0.42972,-0.45509,-0.43209,-0.47678,-0.43604,-0.0116,-0.023,-0.04074
78.58768,-0.44069,-0.42922,-0.45445,-0.43162,-0.47608,-0.43551,-0.01147,-0.02283,-0.04057
78.79484,-0.44,-0.4287,-0.45362,-0.43115,-0.47507,-0.435,-0.0113,-0.02247,-0.04007
78.99974,-0.43929,-0.42818,-0.4527,-0.43068,-0.47377,-0.43451,-0.01111,-0.02202,-0.03926
79.20986,-0.43849,-0.42766,-0.45167,-0.43018,-0.47224,-0.43402,-0.01083,-0.02149,-0.03822
79.41957,-0.4377,-0.42715,-0.45055,-0.42967,-0.47055,-0.43352,-0.01055,-0.02088,-0.03703
79.6298,-0.43694,-0.42664,-0.44938,-0.42915,-0.46878,-0.43301,-0.0103,-0.02023,-0.03577
79.83864,-0.43616,-0.42611,-0.44817,-0.42865,-0.46698,-0.43249,-0.01005,-0.01952,-0.03449
80.0467,-0.43536,-0.4256,-0.44695,-0.42815,-0.46522,-0.43194,-0.00976,-0.0188,-0.03328
80.25637,-0.4346,-0.4251,-0.44581,-0.42761,-0.46359,-0.43142,-0.0095,-0.0182,-0.03217
80.46526,-0.43387,-0.42457,-0.44473,-0.42707,-0.46207,-0.43078,-0.0093,-0.01766,-0.03129
80.67299,-0.43322,-0.42406,-0.44368,-0.42658,-0.46081,-0.43018,-0.00916,-0.0171,-0.03063
80.87928,-0.43244,-0.42338,-0.4427,-0.42594,-0.45977,-0.42971,-0.00906,-0.01676,-0.03006
81.08781,-0.43185,-0.42279,-0.44202,-0.42529,-0.45895,-0.42923,-0.00906,-0.01673,-0.02972
81.29209,-0.43138,-0.42231,-0.44155,-0.42477,-0.45864,-0.42871,-0.00907,-0.01678,-0.02993
81.49773,-0.43093,-0.4218,-0.44123,-0.42423,-0.45874,-0.4282,-0.00913,-0.017,-0.03054
81.70634,-0.43062,-0.42129,-0.44115,-0.42373,-0.45933,-0.42769,-0.00933,-0.01742,-0.03164
81.91789,-0.43041,-0.42074,-0.44131,-0.42324,-0.46035,-0.42721,-0.00967,-0.01807,-0.03314
82.12597,-0.43027,-0.42023,-0.44169,-0.42275,-0.4618,-0.42676,-0.01004,-0.01894,-0.03504
82.33327,-0.43021,-0.41975,-0.44231,-0.42229,-0.46361,-0.42633,-0.01046,-0.02002,-0.03728
82.5405,-0.43018,-0.41927,-0.44308,-0.42182,-0.46579,-0.42584,-0.01091,-0.02126,-0.03995
82.75048,-0.43021,-0.41881,-0.44403,-0.42134,-0.46827,-0.42534,-0.0114,-0.02269,-0.04293
82.96015,-0.4303,-0.41833,-0.44508,-0.42087,-0.47097,-0.42487,-0.01197,-0.02421,-0.0461
83.16882,-0.43037,-0.41783,-0.44622,-0.42037,-0.47375,-0.42436,-0.01254,-0.02585,-0.04939
83.37724,-0.43046,-0.41736,-0.44739,-0.41987,-0.47655,-0.42385,-0.0131,-0.02752,-0.0527
83.58859,-0.43055,-0.41683,-0.44851,-0.41937,-0.47927,-0.42335,-0.01372,-0.02914,-0.05592
83.79357,-0.43052,-0.41633,-0.4496,-0.4189,-0.48183,-0.42286,-0.01419,-0.0307,-0.05897
84.00122,-0.43049,-0.41583,-0.45059,-0.41844,-0.48417,-0.42237,-0.01466,-0.03215,-0.0618
84.21013,-0.43044,-0.41532,-0.45138,-0.41794,-0.48617,-0.42191,-0.01512,-0.03344,-0.06426
84.42028,-0.43026,-0.41481,-0.45203,-0.41742,-0.48776,-0.4214,-0.01545,-0.03461,-0.06636
84.62897,-0.43004,-0.41433,-0.45248,-0.41694,-0.48901,-0.42094,-0.01571,-0.03554,-0.06807
84.83822,-0.42975,-0.41385,-0.45277,-0.41644,-0.48992,-0.42047,-0.0159,-0.03633,-0.06945
85.04565,-0.42937,-0.41335,-0.45286,-0.4159,-0.49045,-0.41994,-0.01602,-0.03696,-0.07051
85.25093,-0.42891,-0.41286,-0.45276,-0.41536,-0.49066,-0.41938,-0.01605,-0.0374,-0.07128
85.45597,-0.42841,-0.41236,-0.45246,-0.4148,-0.49057,-0.41884,-0.01605,-0.03766,-0.07173
85.66381,-0.42788,-0.41184,-0.4521,-0.41427,-0.4903,-0.41828,-0.01604,-0.03783,-0.07202
85.87452,-0.42736,-0.41132,-0.45165,-0.41374,-0.48985,-0.41775,-0.01604,-0.03791,-0.0721
86.08376,-0.4268,-0.41078,-0.45112,-0.41319,-0.48929,-0.41723,-0.01602,-0.03793,-0.07206
86.29319,-0.42623,-0.41025,-0.45054,-0.41269,-0.48856,-0.41672,-0.01598,-0.03785,-0.07184
86.50208,-0.42564,-0.40973,-0.44991,-0.41214,-0.48781,-0.41619,-0.01591,-0.03777,-0.07162
86.70837,-0.42503,-0.40919,-0.44924,-0.4116,-0.48701,-0.41564,-0.01584,-0.03764,-0.07137
86.91472,-0.42445,-0.40862,-0.44857,-0.41103,-0.48614,-0.41511,-0.01583,-0.03754,-0.07103
87.12363,-0.42384,-0.40806,-0.44791,-0.4105,-0.48526,-0.41463,-0.01578,-0.03741,-0.07063
87.3319,-0.42321,-0.40755,-0.44724,-0.40999,-0.48439,-0.41417,-0.01566,-0.03725,-0.07022
87.54173,-0.4226,-0.40707,-0.44658,-0.40949,-0.48354,-0.4137,-0.01553,-0.03709,-0.06984
87.75025,-0.42204,-0.40654,-0.44591,-0.40899,-0.4827,-0.41323,-0.0155,-0.03692,-0.06947
87.9569,-0.42146,-0.40604,-0.44523,-0.40845,-0.48181,-0.41271,-0.01542,-0.03678,-0.0691
88.16514,-0.42092,-0.40552,-0.44458,-0.40792,-0.48094,-0.41219,-0.0154,-0.03666,-0.06875
88.37398,-0.42027,-0.40498,-0.44387,-0.40733,-0.47997,-0.41161,-0.01529,-0.03654,-0.06836
88.58225,-0.41962,-0.40445,-0.44315,-0.40679,-0.47906,-0.4111,-0.01517,-0.03636,-0.06796
88.79275,-0.41902,-0.4039,-0.4424,-0.40629,-0.47812,-0.4106,-0.01512,-0.03611,-0.06752
89.00055,-0.41841,-0.40336,-0.44167,-0.40577,-0.47718,-0.41007,-0.01505,-0.0359,-0.06711
89.2072,-0.41781,-0.40288,-0.441,-0.40525,-0.47624,-0.40957,-0.01493,-0.03575,-0.06667
89.41147,-0.4172,-0.40234,-0.44026,-0.40471,-0.47526,-0.40901,-0.01486,-0.03555,-0.06625
89.62032,-0.4166,-0.40183,-0.43958,-0.40417,-0.47431,-0.4085,-0.01477,-0.03541,-0.06581
89.83166,-0.41606,-0.40126,-0.43887,-0.40363,-0.47335,-0.40798,-0.0148,-0.03524,-0.06537
90.03993,-0.41548,-0.40072,-0.43816,-0.40307,-0.47232,-0.40745,-0.01476,-0.03509,-0.06487
90.24845,-0.41485,-0.40019,-0.43745,-0.40251,-0.47132,-0.4069,-0.01466,-0.03494,-0.06442
90.45588,-0.4142,-0.39962,-0.43668,-0.40195,-0.4703,-0.40633,-0.01458,-0.03473,-0.06397
90.66267,-0.41355,-0.39912,-0.43592,-0.40139,-0.46936,-0.4058,-0.01443,-0.03453,-0.06356
90.8704,-0.41292,-0.39858,-0.43516,-0.40086,-0.46843,-0.40527,-0.01434,-0.0343,-0.06316
91.08005,-0.41228,-0.39806,-0.4344,-0.40029,-0.46746,-0.40472,-0.01422,-0.03411,-0.06274
91.29155,-0.41165,-0.39749,-0.43364,-0.39972,-0.46646,-0.40416,-0.01416,-0.03392,-0.0623
91.49959,-0.41101,-0.39691,-0.43286,-0.39916,-0.46545,-0.4036,-0.0141,-0.0337,-0.06185
91.70658,-0.41036,-0.39639,-0.43213,-0.39862,-0.46443,-0.40301,-0.01397,-0.03351,-0.06142
91.91425,-0.40975,-0.39582,-0.43136,-0.39808,-0.46345,-0.40248,-0.01393,-0.03328,-0.06097
92.12265,-0.40909,-0.39529,-0.43066,-0.39752,-0.46242,-0.40196,-0.0138,-0.03314,-0.06046
92.33051,-0.40847,-0.39476,-0.42985,-0.397,-0.46142,-0.40146,-0.01371,-0.03285,-0.05996
92.53842,-0.40789,-0.39425,-0.42912,-0.39648,-0.4605,-0.40091,-0.01364,-0.03264,-0.05959
92.74775,-0.4073,-0.39377,-0.42842,-0.39601,-0.45961,-0.40046,-0.01353,-0.03241,-0.05915
92.95709,-0.40675,-0.39326,-0.42771,-0.39549,-0.45866,-0.39998,-0.01349,-0.03222,-0.05868
93.16,-0.40619,-0.39281,-0.42703,-0.39498,-0.45777,-0.39951,-0.01338,-0.03205,-0.05826
93.36346,-0.40556,-0.39226,-0.42629,-0.39449,-0.45682,-0.39897,-0.0133,-0.0318,-0.05785
93.5717,-0.40495,-0.39176,-0.4256,-0.39402,-0.45589,-0.39847,-0.01319,-0.03158,-0.05742
93.78064,-0.40442,-0.39128,-0.42487,-0.39355,-0.455,-0.39801,-0.01314,-0.03132,-0.05699
93.98789,-0.40385,-0.39082,-0.42422,-0.39304,-0.45412,-0.39754,-0.01303,-0.03118,-0.05658
94.19671,-0.40336,-0.39036,-0.42354,-0.39255,-0.45328,-0.39714,-0.013,-0.03099,-0.05614
94.40445,-0.40279,-0.38993,-0.4229,-0.39205,-0.45237,-0.39667,-0.01286,-0.03085,-0.0557
94.61195,-0.40224,-0.38944,-0.42225,-0.39154,-0.45148,-0.39622,-0.0128,-0.03071,-0.05526
94.82289,-0.40162,-0.38897,-0.42158,-0.39101,-0.45052,-0.39568,-0.01265,-0.03057,-0.05484
95.03312,-0.40108,-0.38845,-0.4209,-0.39054,-0.44967,-0.39528,-0.01263,-0.03036,-0.05439
95.24118,-0.40049,-0.38798,-0.42027,-0.38998,-0.4488,-0.39483,-0.01251,-0.03029,-0.05397
95.44906,-0.39996,-0.38748,-0.41964,-0.38951,-0.44798,-0.39436,-0.01248,-0.03013,-0.05362
95.6579,-0.3994,-0.38706,-0.41897,-0.38903,-0.44713,-0.39388,-0.01234,-0.02994,-0.05325
95.86551,-0.39884,-0.38661,-0.41836,-0.3886,-0.44634,-0.39344,-0.01223,-0.02976,-0.0529
96.07353,-0.39828,-0.38609,-0.41763,-0.38807,-0.44548,-0.39296,-0.01219,-0.02956,-0.05252
96.28226,-0.3977,-0.3856,-0.41696,-0.38757,-0.4446,-0.39245,-0.0121,-0.02939,-0.05215
96.48867,-0.39715,-0.38509,-0.41624,-0.38705,-0.44374,-0.39195,-0.01206,-0.02919,-0.05179
96.69709,-0.39663,-0.38464,-0.41564,-0.38668,-0.44298,-0.39151,-0.01199,-0.02896,-0.05147
96.90526,-0.39612,-0.38419,-0.415,-0.38627,-0.44219,-0.39105,-0.01193,-0.02873,-0.05114
97.11204,-0.3956,-0.38378,-0.41444,-0.3859,-0.44142,-0.39065,-0.01182,-0.02854,-0.05077
97.31561,-0.3951,-0.38333,-0.4138,-0.3855,-0.44068,-0.39024,-0.01177,-0.0283,-0.05044
97.52499,-0.39465,-0.38296,-0.41322,-0.38513,-0.43994,-0.38987,-0.01169,-0.02809,-0.05007
97.73371,-0.3941,-0.38252,-0.41261,-0.38467,-0.43912,-0.38937,-0.01158,-0.02794,-0.04975
97.94144,-0.39363,-0.38211,-0.41198,-0.38431,-0.43837,-0.38893,-0.01152,-0.02767,-0.04944
98.14937,-0.39313,-0.38172,-0.41136,-0.38392,-0.43757,-0.38847,-0.01141,-0.02744,-0.0491
98.3577,-0.39265,-0.38132,-0.41073,-0.38356,-0.43686,-0.3881,-0.01133,-0.02717,-0.04876
98.56648,-0.39215,-0.38091,-0.41014,-0.38321,-0.43612,-0.38772,-0.01124,-0.02693,-0.0484
98.77449,-0.39176,-0.38055,-0.40958,-0.38294,-0.43547,-0.38747,-0.01121,-0.02664,-0.048
98.98382,-0.39135,-0.3803,-0.40913,-0.38264,-0.43483,-0.38715,-0.01105,-0.02649,-0.04768
99.19332,-0.39095,-0.37999,-0.40862,-0.38236,-0.43419,-0.38683,-0.01096,-0.02626,-0.04736
99.40244,-0.39049,-0.37968,-0.40808,-0.382,-0.43346,-0.38646,-0.01081,-0.02608,-0.047
99.60998,-0.39005,-0.3793,-0.4075,-0.3817,-0.43276,-0.38611,-0.01075,-0.0258,-0.04665
